sidebar_position,slug,parent,title,status,post_type,seo_title,seo_keywords,seo_description,handson_overview
1,cloudflare-introduction,,Cloudflareとは,draft,pages,【2024年最新】Cloudflareとは？日本企業が知るべき全機能解説,Cloudflare 概要 CDN セキュリティ 日本,Cloudflareの全機能を日本企業向けに解説。CDN・セキュリティ・Workers・Pages・Zero Trustまで実践的に学習,基本概念の理解とアカウント作成の体験
2,cloudflare-ecosystem,cloudflare-introduction,エコシステム概要,draft,pages,Cloudflareエコシステム完全ガイド｜サービス連携を徹底解説,Cloudflare エコシステム サービス連携 アーキテクチャ,Cloudflareの全サービスがどのように連携するか図解で解説。最適なサービス選択とアーキテクチャ設計,サービス選択シミュレーションと連携パターンの実践
3,pricing-guide,cloudflare-introduction,料金体系完全ガイド,draft,pages,【料金比較】Cloudflare全プラン徹底解説｜コスト最適化テクニック,Cloudflare 料金 プラン比較 コスト最適化 企業,Cloudflareの全プランを詳細比較。企業規模別最適プランと隠れたコストを削減する実践テクニック,料金シミュレーターと最適化計画の作成
4,free-plan-features,cloudflare-introduction,無料プランでできること,draft,pages,Cloudflare無料プランで実現できる企業レベル機能まとめ,Cloudflare 無料プラン 機能 企業 導入,無料プランだけで実現可能な本格的なWebサイト運営。セキュリティ・パフォーマンス向上の実践方法,無料プランでの本格サイト構築実習
5,paid-plan-migration,cloudflare-introduction,有料プラン比較と移行タイミング,draft,pages,Cloudflare有料プランへの移行判断｜成長段階別最適タイミング,Cloudflare 有料プラン 移行 判断基準 企業,いつ有料プランに移行すべきか？トラフィック増加・機能要求に応じた最適な判断基準とタイミング,プラン移行シミュレーションと判断フロー実践
6,setup-preparation,cloudflare-introduction,セットアップ前の準備,draft,pages,Cloudflare導入前チェックリスト｜失敗しない準備と計画方法,Cloudflare 導入 準備 チェックリスト 計画,Cloudflare導入で失敗しないための事前準備。DNS・SSL・バックアップ計画から社内調整まで,導入計画書作成と事前検証の実践
7,getting-started,,Getting Started,draft,pages,【完全ガイド】Cloudflare導入・初期設定を確実に成功させる方法,Cloudflare 導入 初期設定 セットアップ 日本語,Cloudflareの導入から初期設定まで段階的に解説。DNS変更の不安を解消し確実に導入成功,段階的セットアップと設定確認の実践
8,account-setup,getting-started,アカウント作成から初期設定まで,draft,pages,Cloudflareアカウント作成と初期設定｜2024年最新手順完全版,Cloudflare アカウント作成 初期設定 手順,Cloudflareアカウント作成から基本設定まで画面キャプチャ付きで詳細解説。初心者でも迷わない完全手順書,アカウント作成から基本設定までの実践演習
9,domain-dns-setup,getting-started,ドメイン追加とDNS設定,draft,pages,Cloudflare DNS設定完全マスター｜ドメイン追加とレコード管理,Cloudflare DNS 設定 ドメイン 追加 レコード,ドメインのCloudflare追加からDNSレコード設定まで。A・CNAME・MX・TXTレコードの適切な設定方法,実際のドメインでのDNS設定実習
10,ssl-tls-guide,getting-started,SSL/TLS証明書設定完全ガイド,draft,pages,CloudflareのSSL/TLS完全マスター｜証明書エラー解決まで,Cloudflare SSL TLS 証明書 設定 エラー解決,CloudflareのSSL/TLS設定を完全解説。証明書エラーの原因と解決方法まで実践的にカバー,SSL証明書設定とエラー解決の実習
11,flexible-vs-full-ssl,ssl-tls-guide,Flexible SSL vs Full SSL,draft,pages,CloudflareのSSLモード比較｜Flexible・Full・Strict選択ガイド,Cloudflare SSL モード Flexible Full Strict 比較,CloudflareのSSLモードを詳細比較。セキュリティ要件に応じた最適なモード選択と設定方法,各SSLモードの設定と動作確認実習
12,ssl-certificate-errors,ssl-tls-guide,SSL証明書エラーの解決,draft,pages,Cloudflare SSL証明書エラー完全解決ガイド｜よくある問題と対策,Cloudflare SSL 証明書 エラー 解決 トラブルシューティング,SSL証明書関連のエラーを完全解決。混合コンテンツ・証明書の不一致・無効な証明書への対処法,SSL証明書エラーの診断と修復実習
13,custom-certificate-upload,ssl-tls-guide,カスタム証明書のアップロード,draft,pages,Cloudflareカスタム証明書設定｜企業向け独自証明書運用,Cloudflare カスタム証明書 独自証明書 企業 設定,企業の独自SSL証明書をCloudflareで運用する方法。証明書のアップロードから管理まで実践解説,カスタム証明書のアップロードと検証実習
14,basic-security-settings,getting-started,基本的なセキュリティ設定,draft,pages,Cloudflare基本セキュリティ設定｜最初に設定すべき重要項目,Cloudflare セキュリティ 設定 基本 WAF 保護,Cloudflare導入時に必ず設定すべきセキュリティ項目。WAF・DDoS保護・ボット対策の基本設定,基本セキュリティ設定の実践演習
15,page-rules-basics,getting-started,Page Rules入門,draft,pages,Cloudflare Page Rules入門｜URL別カスタマイズ設定完全ガイド,Cloudflare Page Rules 設定 URL カスタマイズ,Page Rulesを使ったURL別の細かい設定方法。キャッシュ・セキュリティ・リダイレクト設定の実践,Page Rulesを使った実用的な設定実習
16,initial-setup-troubleshooting,getting-started,初期設定のトラブルシューティング,draft,pages,Cloudflare初期設定トラブル解決｜よくある問題と対処法,Cloudflare 初期設定 トラブル 解決 問題 対処法,Cloudflare導入時によくある問題を完全解決。DNS・SSL・アクセス問題への具体的対処法,トラブル診断と解決手順の実践
17,workers-development,,Workers開発,draft,pages,【完全版】Cloudflare Workers開発ガイド｜サーバーレス実装マスター,Cloudflare Workers サーバーレス 開発 JavaScript TypeScript,Cloudflare Workersによるサーバーレス開発を完全マスター。基礎から実践的なアプリケーション開発まで,Hello Worldから本格アプリまでの開発実習
18,workers-overview,workers-development,Workers概要と基本概念,draft,pages,Cloudflare Workers完全理解｜サーバーレスの基本概念と仕組み,Cloudflare Workers 概要 サーバーレス エッジコンピューティング,Cloudflare Workersの基本概念から動作原理まで。従来のサーバーとの違いとメリットを詳細解説,Workersの動作原理とメリット体験実習
19,dev-environment-setup,workers-development,開発環境セットアップ,draft,pages,Cloudflare Workers開発環境構築｜効率的な開発環境を作る,Cloudflare Workers 開発環境 構築 セットアップ,Cloudflare Workers開発のための最適な環境構築。ツール選択から設定まで効率的な開発環境作り,開発環境の構築とセットアップ実習
20,wrangler-cli-setup,dev-environment-setup,Wrangler CLI導入とセットアップ,draft,pages,Wrangler CLI完全セットアップガイド｜Cloudflare Workers開発必須ツール,Wrangler CLI セットアップ Cloudflare Workers 開発ツール,Wrangler CLIのインストールから設定まで完全解説。Cloudflare Workers開発に必須のツール活用法,Wrangler CLIの導入と基本操作実習
21,local-development,dev-environment-setup,ローカル開発環境構築,draft,pages,Cloudflare Workersローカル開発環境｜効率的な開発フロー構築,Cloudflare Workers ローカル開発 環境構築 デバッグ,Cloudflare Workersのローカル開発環境構築。デバッグからテストまで効率的な開発フローの作り方,ローカル開発環境での開発とデバッグ実習
22,editor-debug-tools,dev-environment-setup,エディタ設定とデバッグツール,draft,pages,Cloudflare Workers開発エディタ設定｜VSCodeでの最適な開発環境,Cloudflare Workers エディタ設定 VSCode デバッグツール,VSCodeでのCloudflare Workers開発最適化。拡張機能・デバッグ設定・型定義の活用方法,エディタ設定とデバッグ環境構築実習
23,workers-basics,workers-development,Workers基礎開発,draft,pages,Cloudflare Workers基礎開発｜実践的なコーディング手法を学ぶ,Cloudflare Workers 基礎 開発 コーディング JavaScript,Cloudflare Workersの基礎開発テクニック。リクエスト処理からレスポンス生成まで実践的な手法,基礎的なWorkerの開発とデプロイ実習
24,hello-world-workers,workers-basics,Hello World から始めるWorkers,draft,pages,Cloudflare Workers Hello World｜最初のWorkerを作成・デプロイ,Cloudflare Workers Hello World 作成 デプロイ 初心者,初めてのCloudflare Worker作成からデプロイまで。Hello Worldから始める段階的な学習アプローチ,Hello WorldWorkerの作成とデプロイ実習
25,request-response-handling,workers-basics,リクエスト・レスポンス処理,draft,pages,Cloudflare Workersリクエスト処理｜HTTPリクエスト・レスポンス完全ガイド,Cloudflare Workers リクエスト レスポンス 処理 HTTP,Cloudflare WorkersでのHTTPリクエスト・レスポンス処理を詳解。ヘッダー操作・ステータスコード・ボディ処理,リクエスト・レスポンス処理の実装実習
26,fetch-api-usage,workers-basics,フェッチAPIの活用,draft,pages,Cloudflare Workers Fetch API｜外部API呼び出しとデータ処理,Cloudflare Workers Fetch API 外部API 呼び出し,Cloudflare WorkersでのFetch API活用法。外部APIとの連携・データ取得・エラーハンドリング,Fetch APIを使った外部API連携実習
27,basic-routing,workers-basics,基本的なルーティング実装,draft,pages,Cloudflare Workersルーティング｜URLパターンマッチングと制御,Cloudflare Workers ルーティング URL パターンマッチング,Cloudflare Workersでのルーティング実装。URLパターンに応じた処理分岐とRESTful API設計,ルーティング機能の実装と動作確認実習
28,env-secrets-management,workers-development,環境変数とシークレット管理,draft,pages,Cloudflare Workers環境変数管理｜セキュアな設定管理の実践,Cloudflare Workers 環境変数 シークレット管理 セキュリティ,Cloudflare Workersの環境変数とシークレット管理。セキュリティを考慮した設定管理のベストプラクティス,環境変数とシークレットの設定・管理実習
29,environment-variables,env-secrets-management,環境変数の設定方法,draft,pages,Cloudflare Workers環境変数設定｜開発・本番環境での管理方法,Cloudflare Workers 環境変数 設定方法 管理,Cloudflare Workersでの環境変数設定と管理。Wranglerでの設定からダッシュボードでの管理まで,環境変数の設定と利用実習
30,secrets-best-practices,env-secrets-management,シークレット管理のベストプラクティス,draft,pages,Cloudflare Workersシークレット管理｜セキュアな機密情報保護,Cloudflare Workers シークレット管理 セキュリティ 機密情報,Cloudflare Workersでの機密情報管理のベストプラクティス。APIキー・パスワード・トークンの安全な管理,シークレット管理の実践とセキュリティ対策
31,dev-prod-separation,env-secrets-management,開発・本番環境の分離,draft,pages,Cloudflare Workers環境分離｜開発・本番の適切な分離設計,Cloudflare Workers 環境分離 開発 本番 管理,Cloudflare Workersでの開発・本番環境の適切な分離。設定・データ・デプロイフローの分離設計,環境分離の設計と運用実習
32,workers-practical,workers-development,Workers実践開発,draft,pages,Cloudflare Workers実践開発｜実用的なアプリケーション構築,Cloudflare Workers 実践開発 アプリケーション 構築,Cloudflare Workersでの実践的なアプリケーション開発。実用的な機能実装とパフォーマンス最適化,実用的なWorkerアプリケーション開発実習
33,api-proxy-implementation,workers-practical,APIプロキシの実装,draft,pages,Cloudflare Workers APIプロキシ｜セキュアなAPI仲介の実装,Cloudflare Workers APIプロキシ 実装 セキュリティ,Cloudflare WorkersでのAPIプロキシ実装。CORS対応・認証・レート制限を含むセキュアなAPI仲介,APIプロキシの実装と設定実習
34,auth-authorization,workers-practical,認証・認可の実装,draft,pages,Cloudflare Workers認証実装｜JWT・OAuth・セッション管理,Cloudflare Workers 認証 認可 JWT OAuth セッション,Cloudflare Workersでの認証・認可実装。JWT・OAuth・セッション管理の実践的な実装方法,認証機能の実装と動作確認実習
35,rate-limiting-cache,workers-practical,レート制限とキャッシュ制御,draft,pages,Cloudflare Workersレート制限｜アクセス制御とキャッシュ最適化,Cloudflare Workers レート制限 キャッシュ制御 パフォーマンス,Cloudflare Workersでのレート制限とキャッシュ制御。アクセス制御とパフォーマンス最適化の実装,レート制限とキャッシュ制御の実装実習
36,error-handling,workers-practical,エラーハンドリング,draft,pages,Cloudflare Workersエラーハンドリング｜堅牢なアプリケーション設計,Cloudflare Workers エラーハンドリング 例外処理 堅牢性,Cloudflare Workersでの適切なエラーハンドリング。例外処理・ログ出力・フォールバック処理の実装,エラーハンドリングとログ機能の実装実習
37,third-party-api,workers-development,サードパーティAPI連携,draft,pages,Cloudflare Workers API連携｜外部サービスとの効果的な統合,Cloudflare Workers API連携 外部サービス 統合,Cloudflare WorkersでのサードパーティAPI連携。REST・GraphQL・Webhookとのセキュアな統合方法,外部API連携の実装と管理実習
38,external-api-patterns,third-party-api,外部API呼び出しパターン,draft,pages,Cloudflare Workers外部API呼び出し｜効率的な連携パターン,Cloudflare Workers 外部API 呼び出し パターン 連携,Cloudflare Workersでの外部API呼び出しパターン。同期・非同期・バッチ処理の最適な実装方法,各種API呼び出しパターンの実装実習
39,auth-token-management,third-party-api,認証トークンの管理,draft,pages,Cloudflare Workers認証トークン管理｜APIキー・OAuth・JWT,Cloudflare Workers 認証トークン管理 APIキー OAuth JWT,Cloudflare Workersでの認証トークン管理。APIキー・OAuth・JWTの安全な管理と更新方法,認証トークンの実装と管理実習
40,error-retry-logic,third-party-api,エラーハンドリングとリトライロジック,draft,pages,Cloudflare Workers リトライロジック｜障害に強いAPI連携,Cloudflare Workers リトライロジック エラーハンドリング API連携,Cloudflare WorkersでのAPI連携時のエラーハンドリング。リトライ・バックオフ・サーキットブレーカー実装,リトライロジックと障害対応の実装実習
41,timeout-optimization,workers-development,タイムアウト対策,draft,pages,Cloudflare Workers タイムアウト対策｜制限時間内での効率的処理,Cloudflare Workers タイムアウト 対策 制限時間 最適化,Cloudflare Workersの実行時間制限対策。効率的な処理・非同期化・大容量データ処理の実装方法,タイムアウト対策と処理最適化実習
42,100s-limit-strategy,timeout-optimization,100秒制限の理解と対策,draft,pages,Cloudflare Workers 100秒制限｜実行時間制限の理解と回避策,Cloudflare Workers 100秒制限 実行時間 制限 回避策,Cloudflare Workersの100秒制限を理解し適切に対策。長時間処理の分割・非同期化・最適化手法,100秒制限への対策と最適化実習
43,large-file-workarounds,timeout-optimization,大容量ファイル処理の回避策,draft,pages,Cloudflare Workers大容量ファイル処理｜制限を回避する実装手法,Cloudflare Workers 大容量ファイル処理 制限 回避策,Cloudflare Workersでの大容量ファイル処理制限の回避。ストリーミング・分割処理・外部ストレージ活用,大容量ファイル処理の実装と最適化実習
44,async-processing-patterns,timeout-optimization,非同期処理パターン,draft,pages,Cloudflare Workers非同期処理｜パフォーマンス最適化パターン,Cloudflare Workers 非同期処理 パフォーマンス 最適化,Cloudflare Workersでの非同期処理パターン。Promise・async/await・並列処理の効果的な活用,非同期処理の実装とパフォーマンス最適化実習
45,workers-ai,workers-development,Workers AI活用,draft,pages,Cloudflare Workers AI｜エッジでのAI処理完全活用ガイド,Cloudflare Workers AI エッジ処理 機械学習 活用,Cloudflare Workers AIを活用したエッジでのAI処理。テキスト・画像処理から実用的なAIアプリまで,Workers AIを使ったAI機能実装実習
46,workers-ai-basics,workers-ai,Workers AIの基本使用方法,draft,pages,Cloudflare Workers AI入門｜エッジでのAI処理を始める,Cloudflare Workers AI 入門 エッジ処理 基本使用方法,Cloudflare Workers AIの基本的な使用方法。AIモデルの呼び出しからレスポンス処理まで段階的に学習,Workers AI基本操作と簡単なAI処理実習
47,text-processing-generation,workers-ai,テキスト処理・生成,draft,pages,Cloudflare Workers AIテキスト処理｜自然言語処理とテキスト生成,Cloudflare Workers AI テキスト処理 自然言語処理 生成,Cloudflare Workers AIでのテキスト処理・生成。要約・翻訳・分類・チャットボットなどの実装,テキスト処理・生成AI機能の実装実習
48,image-processing-recognition,workers-ai,画像処理・認識,draft,pages,Cloudflare Workers AI画像処理｜画像認識・分析・変換の実装,Cloudflare Workers AI 画像処理 画像認識 分析,Cloudflare Workers AIでの画像処理・認識機能。画像分類・物体検出・OCRなどの実用的な実装,画像処理・認識AI機能の実装実習
49,practical-ai-applications,workers-ai,実践的なAIアプリケーション例,draft,pages,Cloudflare Workers AI実践｜実用的なAIアプリケーション構築例,Cloudflare Workers AI 実践 アプリケーション 構築例,Cloudflare Workers AIを使った実践的なアプリケーション例。チャットボット・コンテンツ生成・分析システム,実用的なAIアプリケーションの構築実習
50,deployment-cicd,workers-development,デプロイメントとCI/CD,draft,pages,Cloudflare Workers CI/CD｜自動デプロイとバージョン管理,Cloudflare Workers CI/CD デプロイメント 自動化,Cloudflare WorkersのCI/CDパイプライン構築。GitHub Actions・GitLabでの自動デプロイとバージョン管理,CI/CDパイプラインの構築と運用実習
51,production-deployment,deployment-cicd,本番デプロイの最適化,draft,pages,Cloudflare Workers本番デプロイ｜安全で効率的なリリース戦略,Cloudflare Workers 本番デプロイ 最適化 リリース戦略,Cloudflare Workersの本番デプロイ最適化。カナリアリリース・ブルーグリーン・段階的ロールアウト,本番デプロイ戦略の実装と管理実習
52,github-actions-integration,deployment-cicd,GitHub Actions連携,draft,pages,Cloudflare Workers × GitHub Actions｜完全自動化CI/CD構築,Cloudflare Workers GitHub Actions CI/CD 自動化,Cloudflare WorkersとGitHub Actionsの完全連携。プッシュからデプロイまでの完全自動化CI/CD構築,GitHub Actions連携の設定と運用実習
53,gitlab-cicd-integration,deployment-cicd,GitLab CI/CD連携,draft,pages,Cloudflare Workers × GitLab CI/CD｜企業向け自動化パイプライン,Cloudflare Workers GitLab CI/CD 企業 自動化,Cloudflare WorkersとGitLab CI/CDの連携。企業環境での自動化パイプライン構築と運用管理,GitLab CI/CD連携の実装と管理実習
54,rollback-version-management,deployment-cicd,ロールバックとバージョン管理,draft,pages,Cloudflare Workersバージョン管理｜安全なロールバック戦略,Cloudflare Workers バージョン管理 ロールバック 戦略,Cloudflare Workersのバージョン管理とロールバック戦略。問題発生時の迅速な復旧とバージョン履歴管理,バージョン管理とロールバック戦略の実習
55,pages-frameworks,,Pages & フレームワーク統合,draft,pages,【完全版】Cloudflare Pages｜フレームワーク統合と最適化ガイド,Cloudflare Pages フレームワーク統合 最適化,Cloudflare Pagesとフレームワーク統合の完全ガイド。Next.js・Nuxt・React・Vue.jsでの最適化手法,各フレームワークでのPages統合実習
56,pages-complete-guide,pages-frameworks,Cloudflare Pages完全ガイド,draft,pages,Cloudflare Pages完全ガイド｜静的サイト・JAMstack最適化,Cloudflare Pages 完全ガイド 静的サイト JAMstack,Cloudflare Pagesの基本から応用まで。静的サイト・JAMstackアーキテクチャでの最適な活用方法,Pagesでの静的サイト構築と設定実習
57,pages-overview,pages-complete-guide,Pages概要と特徴,draft,pages,Cloudflare Pages概要｜静的サイトホスティングの新しい選択肢,Cloudflare Pages 概要 特徴 静的サイトホスティング,Cloudflare Pagesの概要と特徴を詳解。従来のホスティングサービスとの違いとメリット,Pagesの特徴理解と基本操作体験
58,github-deploy-setup,pages-complete-guide,GitHubからのデプロイ設定,draft,pages,Cloudflare Pages × GitHub｜自動デプロイ設定完全ガイド,Cloudflare Pages GitHub 自動デプロイ 設定,Cloudflare PagesとGitHubの連携設定。プッシュからデプロイまでの完全自動化設定方法,GitHub連携による自動デプロイ設定実習
59,gitlab-deploy-setup,pages-complete-guide,GitLabからのデプロイ設定,draft,pages,Cloudflare Pages × GitLab｜企業向け自動デプロイ構築,Cloudflare Pages GitLab 自動デプロイ 企業,Cloudflare PagesとGitLabの連携。企業環境での自動デプロイとセキュリティ設定,GitLab連携の設定と企業利用実習
60,custom-domain-setup,pages-complete-guide,カスタムドメイン設定,draft,pages,Cloudflare Pagesカスタムドメイン｜独自ドメインの設定と管理,Cloudflare Pages カスタムドメイン 独自ドメイン 設定,Cloudflare Pagesでのカスタムドメイン設定。DNS設定・SSL証明書・サブドメイン管理まで,カスタムドメイン設定と管理実習
61,nextjs-integration,pages-frameworks,Next.js統合,draft,pages,Cloudflare Pages × Next.js｜最適化とパフォーマンス向上,Cloudflare Pages Next.js 統合 最適化 パフォーマンス,Cloudflare PagesでのNext.js最適化。SSR・SSG・API Routes・画像最適化の実践的活用,Next.jsアプリのPages統合と最適化実習
62,nextjs-pages-setup,nextjs-integration,Next.js + Cloudflare Pages設定,draft,pages,Next.js × Cloudflare Pages設定｜完全統合ガイド,Next.js Cloudflare Pages 設定 統合 ガイド,Next.jsアプリのCloudflare Pages統合設定。ビルド設定から環境変数まで完全ガイド,Next.jsプロジェクトのPages統合実習
63,ssr-ssg-optimization,nextjs-integration,SSR・SSG最適化,draft,pages,Next.js SSR・SSG最適化｜Cloudflare Pagesでのパフォーマンス向上,Next.js SSR SSG 最適化 Cloudflare Pages,Next.jsのSSR・SSGをCloudflare Pagesで最適化。レンダリング戦略とパフォーマンス向上手法,SSR・SSG最適化と設定実習
64,api-routes-utilization,nextjs-integration,API Routes活用,draft,pages,Next.js API Routes × Cloudflare Pages｜サーバーレスAPI構築,Next.js API Routes Cloudflare Pages サーバーレス,Next.jsのAPI RoutesをCloudflare Pagesで活用。サーバーレスAPIの構築と最適化,API Routesの実装と最適化実習
65,image-optimization-setup,nextjs-integration,画像最適化設定,draft,pages,Next.js画像最適化 × Cloudflare｜パフォーマンス向上設定,Next.js 画像最適化 Cloudflare パフォーマンス 向上,Next.jsの画像最適化をCloudflareで強化。自動リサイズ・WebP変換・CDN配信の設定,画像最適化機能の設定と効果確認実習
66,nuxt-integration,pages-frameworks,Nuxt統合,draft,pages,Cloudflare Pages × Nuxt｜Vue.jsアプリの最適デプロイ,Cloudflare Pages Nuxt Vue.js 統合 デプロイ,Cloudflare PagesでのNuxtアプリ統合。SSR・SSG・デプロイメント最適化の実践的手法,NuxtアプリのPages統合と設定実習
67,nuxt3-pages,nuxt-integration,Nuxt 3 + Cloudflare Pages,draft,pages,Nuxt 3 × Cloudflare Pages｜最新Vue.jsフレームワーク統合,Nuxt 3 Cloudflare Pages Vue.js 統合,Nuxt 3とCloudflare Pagesの統合。最新機能・パフォーマンス最適化・デプロイ設定,Nuxt 3プロジェクトの統合と設定実習
68,nuxt-deployment-optimization,nuxt-integration,デプロイメント最適化,draft,pages,Nuxtデプロイメント最適化｜Cloudflare Pages高速化テクニック,Nuxt デプロイメント最適化 Cloudflare Pages 高速化,NuxtアプリのCloudflare Pages向け最適化。ビルド時間短縮・バンドルサイズ削減・キャッシュ設定,Nuxtデプロイ最適化と高速化実習
69,nuxt-ssr-performance,nuxt-integration,SSR設定とパフォーマンス調整,draft,pages,Nuxt SSR最適化｜Cloudflare Pagesでの高速レンダリング,Nuxt SSR 最適化 Cloudflare Pages レンダリング,NuxtのSSR設定をCloudflare Pagesで最適化。レンダリング速度向上・SEO対策・UX改善,Nuxt SSR設定と最適化実習
70,react-vue-integration,pages-frameworks,React・Vue.js統合,draft,pages,Cloudflare Pages × React・Vue.js｜SPA最適化ガイド,Cloudflare Pages React Vue.js SPA 最適化,Cloudflare PagesでのReact・Vue.jsアプリ統合。SPA最適化・ビルド設定・デプロイ自動化,React・Vue.jsアプリの統合実習
71,create-react-app,react-vue-integration,Create React App対応,draft,pages,Create React App × Cloudflare Pages｜React SPA最適デプロイ,Create React App Cloudflare Pages React SPA,Create React AppのCloudflare Pages統合。ビルド最適化・環境変数・ルーティング設定,Create React Appの統合と設定実習
72,vue-cli-projects,react-vue-integration,Vue CLI プロジェクト対応,draft,pages,Vue CLI × Cloudflare Pages｜Vue.js SPA完全統合,Vue CLI Cloudflare Pages Vue.js SPA 統合,Vue CLIプロジェクトのCloudflare Pages統合。ビルド設定・プラグイン対応・最適化手法,Vue CLIプロジェクトの統合実習
73,build-optimization,react-vue-integration,ビルド設定の最適化,draft,pages,SPA ビルド最適化｜Cloudflare Pages高速化テクニック,SPA ビルド最適化 Cloudflare Pages 高速化,SPAのビルド設定最適化。バンドルサイズ削減・Tree Shaking・コード分割の実践,ビルド最適化と高速化設定実習
74,other-frameworks,pages-frameworks,その他フレームワーク対応,draft,pages,Cloudflare Pages フレームワーク対応｜Astro・SvelteKit・Hugo・Gatsby,Cloudflare Pages フレームワーク Astro SvelteKit Hugo Gatsby,Cloudflare Pagesの各種フレームワーク対応。Astro・SvelteKit・Hugo・Gatsbyでの設定と最適化,各種フレームワークの統合実習
75,astro-integration,other-frameworks,Astro統合,draft,pages,Astro × Cloudflare Pages｜静的サイトジェネレータ最適統合,Astro Cloudflare Pages 静的サイトジェネレータ 統合,AstroとCloudflare Pagesの統合。パフォーマンス重視の静的サイト構築と最適化,Astroプロジェクトの統合と設定実習
76,sveltekit-integration,other-frameworks,SvelteKit統合,draft,pages,SvelteKit × Cloudflare Pages｜高速Webアプリ構築,SvelteKit Cloudflare Pages 高速 Webアプリ 構築,SvelteKitとCloudflare Pagesの統合。軽量・高速なWebアプリケーション構築手法,SvelteKitアプリの統合実習
77,hugo-jekyll-integration,other-frameworks,Hugo・Jekyll統合,draft,pages,Hugo・Jekyll × Cloudflare Pages｜静的サイト自動デプロイ,Hugo Jekyll Cloudflare Pages 静的サイト 自動デプロイ,Hugo・JekyllとCloudflare Pagesの統合。静的サイトジェネレータでの自動デプロイ設定,Hugo・Jekyllの統合設定実習
78,gatsby-integration,other-frameworks,Gatsby統合,draft,pages,Gatsby × Cloudflare Pages｜React静的サイト最適化,Gatsby Cloudflare Pages React 静的サイト 最適化,GatsbyとCloudflare Pagesの統合。Reactベース静的サイトの最適化とパフォーマンス向上,Gatsbyプロジェクトの統合実習
79,pages-functions,pages-frameworks,Pages Functions,draft,pages,Cloudflare Pages Functions｜サーバーレス機能統合完全ガイド,Cloudflare Pages Functions サーバーレス 機能 統合,Cloudflare Pages Functionsの完全活用。静的サイトにサーバーレス機能を統合する実践的手法,Pages Functionsの実装と活用実習
80,pages-functions-overview,pages-functions,Pages Functions概要,draft,pages,Cloudflare Pages Functions概要｜静的サイトのサーバーレス拡張,Cloudflare Pages Functions 概要 静的サイト サーバーレス,Cloudflare Pages Functionsの概要と特徴。静的サイトをサーバーレス機能で拡張する方法,Pages Functions基本概念と使い方体験
81,api-endpoint-creation,pages-functions,APIエンドポイント作成,draft,pages,Pages Functions APIエンドポイント｜サーバーレスAPI構築,Pages Functions APIエンドポイント サーバーレス API構築,Cloudflare Pages FunctionsでのAPIエンドポイント作成。RESTful API・GraphQLの実装方法,APIエンドポイントの作成と動作確認実習
82,form-processing,pages-functions,フォーム処理,draft,pages,Pages Functions フォーム処理｜静的サイトでの動的機能実装,Pages Functions フォーム処理 静的サイト 動的機能,Cloudflare Pages Functionsでのフォーム処理実装。お問い合わせ・ユーザー登録・データ送信機能,フォーム処理機能の実装と検証実習
83,middleware-implementation,pages-functions,ミドルウェア実装,draft,pages,Pages Functions ミドルウェア｜リクエスト処理の共通化,Pages Functions ミドルウェア リクエスト処理 共通化,Cloudflare Pages Functionsでのミドルウェア実装。認証・ログ・バリデーションの共通処理化,ミドルウェア機能の実装と活用実習
84,storage-database,,ストレージ・データベース,draft,pages,【完全版】Cloudflareストレージ・データベース｜D1・KV・R2・Durable Objects,Cloudflare ストレージ データベース D1 KV R2 Durable Objects,Cloudflareストレージ・データベースサービス完全ガイド。D1・KV・R2・Durable Objectsの選択と活用,各ストレージサービスの比較と選択実習
85,storage-comparison,storage-database,ストレージソリューション比較,draft,pages,Cloudflareストレージ比較｜D1 vs KV vs R2 vs Durable Objects,Cloudflare ストレージ比較 D1 KV R2 Durable Objects,Cloudflareストレージソリューションの詳細比較。用途・性能・コスト・制限事項による最適選択,ストレージソリューション選択と設計実習
86,storage-usecase-guide,storage-comparison,KV vs D1 vs R2 vs Durable Objects,draft,pages,Cloudflareストレージ選択ガイド｜用途別最適解の見つけ方,Cloudflare ストレージ選択 用途別 最適解 ガイド,KV・D1・R2・Durable Objectsの用途別選択ガイド。データ特性・アクセスパターンによる最適判断,用途別ストレージ選択と設計指針実習
87,usecase-selection-guide,storage-comparison,ユースケース別選択ガイド,draft,pages,Cloudflareストレージ ユースケース別選択｜実践的な選定指針,Cloudflare ストレージ ユースケース別選択 実践的 指針,実際のアプリケーション要件に応じたCloudflareストレージ選択。パフォーマンス・コスト・拡張性の考慮,具体的ユースケースでのストレージ選択実習
88,pricing-optimization,storage-comparison,料金比較と最適化,draft,pages,Cloudflareストレージ料金最適化｜コスト効率的な運用戦略,Cloudflare ストレージ料金最適化 コスト効率 運用戦略,Cloudflareストレージサービスの料金比較と最適化。コスト削減・使用量監視・最適化戦略,ストレージコスト最適化と監視実習
89,d1-database,storage-database,D1データベース,draft,pages,Cloudflare D1データベース完全ガイド｜SQLiteエッジデータベース活用,Cloudflare D1 データベース SQLite エッジデータベース,Cloudflare D1データベースの完全活用。SQLite互換エッジデータベースでの効率的なデータ管理,D1データベースの構築と管理実習
90,d1-overview-compatibility,d1-database,D1概要とSQLite互換性,draft,pages,Cloudflare D1概要｜SQLite互換エッジデータベースの特徴,Cloudflare D1 概要 SQLite互換 エッジデータベース,Cloudflare D1の概要とSQLite互換性。従来のデータベースとの違いとエッジ処理のメリット,D1データベース基本概念と特徴理解実習
91,d1-creation-connection,d1-database,データベース作成と接続,draft,pages,Cloudflare D1データベース作成｜セットアップから接続まで,Cloudflare D1 データベース作成 セットアップ 接続,Cloudflare D1データベースの作成から接続まで。Wranglerでのセットアップ・スキーマ作成・接続確認,D1データベース作成と接続設定実習
92,d1-migration-management,d1-database,マイグレーション管理,draft,pages,Cloudflare D1マイグレーション｜データベースバージョン管理,Cloudflare D1 マイグレーション データベース バージョン管理,Cloudflare D1でのマイグレーション管理。スキーマ変更・バージョン管理・ロールバック戦略,D1マイグレーション管理と運用実習
93,d1-query-performance,d1-database,クエリ実行とパフォーマンス最適化,draft,pages,Cloudflare D1パフォーマンス最適化｜高速クエリ実装,Cloudflare D1 パフォーマンス最適化 クエリ 高速化,Cloudflare D1のクエリ実行最適化。インデックス・クエリプラン・パフォーマンスチューニング,D1クエリ最適化とパフォーマンス改善実習
94,d1-design-best-practices,d1-database,データベース設計ベストプラクティス,draft,pages,Cloudflare D1設計ベストプラクティス｜効率的なスキーマ設計,Cloudflare D1 設計 ベストプラクティス スキーマ設計,Cloudflare D1での効率的なデータベース設計。正規化・インデックス・リレーション設計のベストプラクティス,D1データベース設計と最適化実習
95,d1-backup-restore,d1-database,バックアップとリストア,draft,pages,Cloudflare D1バックアップ・リストア｜データ保護と復旧戦略,Cloudflare D1 バックアップ リストア データ保護 復旧,Cloudflare D1のバックアップ・リストア戦略。定期バックアップ・データ移行・災害復旧計画,D1バックアップ・リストア設定と運用実習